priority,symbol,identifier,open,dayHigh,dayLow,lastPrice,previousClose,change,pChange,ffmc,yearHigh,yearLow,totalTradedVolume,stockIndClosePrice,totalTradedValue,lastUpdateTime,nearWKH,nearWKL,perChange365d,perChange30d,date365dAgo,date30dAgo,chartTodayPath,chart30dPath,chart365dPath,series,meta
1,NIFTY 50,NIFTY 50,25771.4,25922.8,25693.25,25898.55,25758.0,140.54999999999927,0.55,1177967306.74,26325.8,21743.65,206099631,0,201450594516.91,11-Dec-2025 16:00:00,1.622932636425104,-19.10856732885232,5.24,1.27,10-Dec-2024,10-Nov-2025,https://nsearchives.nseindia.com/today/NIFTY-50.svg,https://nsearchives.nseindia.com/30d/NIFTY-50.svg,https://nsearchives.nseindia.com/365d/NIFTY-50.svg,,
0,ADANIENT,ADANIENTEQN,2225.0,2293.9,2192.4,2270.2,2211.6,58.6,2.65,660457120299.86,2616.5,1967.52,1519832,0,3428087464.24,,13.235237913242887,-15.383833455314297,-7.68,-3.92,10-Dec-2024,10-Nov-2025,https://nsearchives.nseindia.com/today/ADANIENTEQN.svg,https://nsearchives.nseindia.com/30d/ADANIENT-EQ.svg,https://nsearchives.nseindia.com/365d/ADANIENT-EQ.svg,EQ,"{'symbol': 'ADANIENT', 'companyName': 'Adani Enterprises Limited', 'industry': 'Trading - Minerals', 'activeSeries': ['EQ', 'T0'], 'debtSeries': [], 'isFNOSec': True, 'isCASec': False, 'isSLBSec': True, 'isDebtSec': True, 'isSuspended': False, 'tempSuspendedSeries': [], 'isETFSec': False, 'isDelisted': False, 'isin': 'INE423A01024', 'slb_isin': 'INE423A01024', 'listingDate': '1997-06-04', 'isMunicipalBond': False, 'isHybridSymbol': False, 'segment': 'EQUITY', 'quotepreopenstatus': {'equityTime': '11-Dec-2025 16:00:00', 'preOpenTime': '11-Dec-2025 09:07:32', 'QuotePreOpenFlag': False}}"
0,JIOFIN,JIOFINEQN,291.0,299.0,290.0,298.5,290.85,7.65,2.63,975528006074.47,346.3,198.65,9589482,0,2834650879.2,,13.80306092982963,-50.26428391643594,-10.94,-1.16,10-Dec-2024,10-Nov-2025,https://nsearchives.nseindia.com/today/JIOFINEQN.svg,https://nsearchives.nseindia.com/30d/JIOFIN-EQ.svg,https://nsearchives.nseindia.com/365d/JIOFIN-EQ.svg,EQ,"{'symbol': 'JIOFIN', 'companyName': 'Jio Financial Services Limited', 'industry': 'Investment Company', 'activeSeries': ['EQ', 'T0'], 'debtSeries': [], 'isFNOSec': True, 'isCASec': False, 'isSLBSec': True, 'isDebtSec': False, 'isSuspended': False, 'tempSuspendedSeries': [], 'isETFSec': False, 'isDelisted': False, 'isin': 'INE758E01017', 'slb_isin': 'INE758E01017', 'listingDate': '2023-08-21', 'isMunicipalBond': False, 'isHybridSymbol': False, 'segment': 'EQUITY', 'quotepreopenstatus': {'equityTime': '11-Dec-2025 16:00:00', 'preOpenTime': '11-Dec-2025 09:07:32', 'QuotePreOpenFlag': False}}"
0,TATASTEEL,TATASTEELEQN,163.5,166.66,163.17,166.4,162.23,4.17,2.57,1372237243380.66,186.94,122.62,32603566,0,5377958211.7,,10.987482614742694,-35.70380035883216,10.68,-8.32,10-Dec-2024,10-Nov-2025,https://nsearchives.nseindia.com/today/TATASTEELEQN.svg,https://nsearchives.nseindia.com/30d/TATASTEEL-EQ.svg,https://nsearchives.nseindia.com/365d/TATASTEEL-EQ.svg,EQ,"{'symbol': 'TATASTEEL', 'companyName': 'Tata Steel Limited', 'industry': 'Iron & Steel', 'activeSeries': ['EQ', 'T0'], 'debtSeries': [], 'isFNOSec': True, 'isCASec': False, 'isSLBSec': True, 'isDebtSec': False, 'isSuspended': False, 'tempSuspendedSeries': ['B1', 'E1', 'Q1', 'IL'], 'isETFSec': False, 'isDelisted': False, 'isin': 'INE081A01020', 'slb_isin': 'INE081A01020', 'listingDate': '1998-11-18', 'isMunicipalBond': False, 'isHybridSymbol': False, 'segment': 'EQUITY', 'quotepreopenstatus': {'equityTime': '11-Dec-2025 16:00:00', 'preOpenTime': '11-Dec-2025 09:07:32', 'QuotePreOpenFlag': False}}"
0,ETERNAL,ETERNALEQN,284.0,291.9,283.05,290.0,283.25,6.75,2.38,2013705858317.29,368.45,194.8,21043741,0,6081430711.59,,21.29189849368978,-48.870636550308,0.0,-3.48,,10-Nov-2025,https://nsearchives.nseindia.com/today/ETERNALEQN.svg,https://nsearchives.nseindia.com/30d/ETERNAL-EQ.svg,,EQ,"{'symbol': 'ETERNAL', 'companyName': 'ETERNAL LIMITED', 'industry': 'E-Retail/ E-Commerce', 'activeSeries': ['EQ', 'T0'], 'debtSeries': [], 'isFNOSec': True, 'isCASec': False, 'isSLBSec': True, 'isDebtSec': False, 'isSuspended': False, 'tempSuspendedSeries': [], 'isETFSec': False, 'isDelisted': False, 'isin': 'INE758T01015', 'slb_isin': 'INE758T01015', 'listingDate': '2021-07-23', 'isMunicipalBond': False, 'isHybridSymbol': False, 'segment': 'EQUITY', 'quotepreopenstatus': {'equityTime': '11-Dec-2025 16:00:00', 'preOpenTime': '11-Dec-2025 09:07:32', 'QuotePreOpenFlag': False}}"
0,KOTAKBANK,KOTAKBANKEQN,2129.5,2205.0,2119.1,2173.3,2129.5,43.8,2.06,3187473994122.34,2301.9,1723.75,4995720,0,10919345032.8,,5.586689256700982,-26.079767947788262,21.48,4.18,10-Dec-2024,10-Nov-2025,https://nsearchives.nseindia.com/today/KOTAKBANKEQN.svg,https://nsearchives.nseindia.com/30d/KOTAKBANK-EQ.svg,https://nsearchives.nseindia.com/365d/KOTAKBANK-EQ.svg,EQ,"{'symbol': 'KOTAKBANK', 'companyName': 'Kotak Mahindra Bank Limited', 'industry': 'Private Sector Bank', 'activeSeries': ['EQ', 'T0'], 'debtSeries': [], 'isFNOSec': True, 'isCASec': False, 'isSLBSec': True, 'isDebtSec': False, 'isSuspended': False, 'tempSuspendedSeries': ['IL'], 'isETFSec': False, 'isDelisted': False, 'isin': 'INE237A01028', 'slb_isin': 'INE237A01028', 'listingDate': '1995-12-20', 'isMunicipalBond': False, 'isHybridSymbol': False, 'segment': 'EQUITY', 'quotepreopenstatus': {'equityTime': '11-Dec-2025 16:00:00', 'preOpenTime': '11-Dec-2025 09:07:32', 'QuotePreOpenFlag': False}}"
0,DRREDDY,DRREDDYEQN,1250.8,1275.9,1248.0,1274.9,1250.8,24.1,1.93,774545247216.74,1405.9,1020.0,1717539,0,2169183055.44,,9.317874671029234,-24.990196078431378,2.67,6.24,10-Dec-2024,10-Nov-2025,https://nsearchives.nseindia.com/today/DRREDDYEQN.svg,https://nsearchives.nseindia.com/30d/DRREDDY-EQ.svg,https://nsearchives.nseindia.com/365d/DRREDDY-EQ.svg,EQ,"{'symbol': 'DRREDDY', 'companyName': ""Dr. Reddy's Laboratories Limited"", 'industry': 'Pharmaceuticals', 'activeSeries': ['EQ', 'T0'], 'debtSeries': [], 'isFNOSec': True, 'isCASec': False, 'isSLBSec': True, 'isDebtSec': False, 'isSuspended': False, 'tempSuspendedSeries': ['N1'], 'isETFSec': False, 'isDelisted': False, 'isin': 'INE089A01031', 'slb_isin': 'INE089A01031', 'listingDate': '2003-05-30', 'isMunicipalBond': False, 'isHybridSymbol': False, 'segment': 'EQUITY', 'quotepreopenstatus': {'equityTime': '11-Dec-2025 16:00:00', 'preOpenTime': '11-Dec-2025 09:07:32', 'QuotePreOpenFlag': False}}"
0,GRASIM,GRASIMEQN,2757.0,2802.7,2742.7,2796.2,2746.8,49.4,1.8,1065414985993.43,2977.8,2276.95,453706,0,1263643802.96,,6.098461951776491,-22.804628999319267,5.37,1.26,10-Dec-2024,10-Nov-2025,https://nsearchives.nseindia.com/today/GRASIMEQN.svg,https://nsearchives.nseindia.com/30d/GRASIM-EQ.svg,https://nsearchives.nseindia.com/365d/GRASIM-EQ.svg,EQ,"{'symbol': 'GRASIM', 'companyName': 'Grasim Industries Limited', 'industry': 'Cement & Cement Products', 'activeSeries': ['EQ'], 'debtSeries': [], 'isFNOSec': True, 'isCASec': False, 'isSLBSec': True, 'isDebtSec': False, 'isSuspended': False, 'tempSuspendedSeries': ['IL'], 'isETFSec': False, 'isDelisted': False, 'isin': 'INE047A01021', 'slb_isin': 'INE047A01021', 'listingDate': '1995-05-10', 'isMunicipalBond': False, 'isHybridSymbol': False, 'segment': 'EQUITY', 'quotepreopenstatus': {'equityTime': '11-Dec-2025 16:00:00', 'preOpenTime': '11-Dec-2025 09:07:32', 'QuotePreOpenFlag': False}}"
0,CIPLA,CIPLAEQN,1492.0,1513.4,1492.0,1512.0,1490.9,21.1,1.42,848087171173.38,1673.0,1335.0,606130,0,913146967.6,,9.623430962343097,-13.258426966292134,3.92,0.05,10-Dec-2024,10-Nov-2025,https://nsearchives.nseindia.com/today/CIPLAEQN.svg,https://nsearchives.nseindia.com/30d/CIPLA-EQ.svg,https://nsearchives.nseindia.com/365d/CIPLA-EQ.svg,EQ,"{'symbol': 'CIPLA', 'companyName': 'Cipla Limited', 'industry': 'Pharmaceuticals', 'activeSeries': ['EQ', 'T0'], 'debtSeries': [], 'isFNOSec': True, 'isCASec': False, 'isSLBSec': True, 'isDebtSec': False, 'isSuspended': False, 'tempSuspendedSeries': [], 'isETFSec': False, 'isDelisted': False, 'isin': 'INE059A01026', 'slb_isin': 'INE059A01026', 'listingDate': '1995-02-08', 'isMunicipalBond': False, 'isHybridSymbol': False, 'segment': 'EQUITY', 'quotepreopenstatus': {'equityTime': '11-Dec-2025 16:00:00', 'preOpenTime': '11-Dec-2025 09:07:32', 'QuotePreOpenFlag': False}}"
0,SHRIRAMFIN,SHRIRAMFINEQN,841.8,850.6,835.7,848.35,837.25,11.1,1.33,1184697353651.42,872.0,493.35,4213992,0,3563351635.2,,2.7121559633027497,-71.95702847876761,-73.41,3.17,10-Dec-2024,10-Nov-2025,https://nsearchives.nseindia.com/today/SHRIRAMFINEQN.svg,https://nsearchives.nseindia.com/30d/SHRIRAMFIN-EQ.svg,https://nsearchives.nseindia.com/365d/SHRIRAMFIN-EQ.svg,EQ,"{'symbol': 'SHRIRAMFIN', 'companyName': 'Shriram Finance Limited', 'industry': 'Non Banking Financial Company (NBFC)', 'activeSeries': ['EQ', 'T0'], 'debtSeries': [], 'isFNOSec': True, 'isCASec': False, 'isSLBSec': True, 'isDebtSec': True, 'isSuspended': False, 'tempSuspendedSeries': ['N1', 'N2', 'N3', 'N4', 'N5', 'N6', 'N7', 'N8', 'N9', 'NA', 'NB', 'NC', 'ND', 'NE', 'NF', 'NG', 'NH', 'NI', 'NJ', 'NK', 'NL', 'NM', 'NN', 'NO', 'NP', 'NQ', 'NR', 'NS', 'NT', 'NU', 'NV', 'NW', 'NX', 'NY', 'NZ', 'Y1', 'Y2', 'Y3', 'Y4', 'Y5', 'Y6', 'Y7', 'Y8', 'Y9', 'YA', 'YB', 'YC', 'YD', 'YG', 'YH', 'YJ', 'YK', 'YM', 'YN', 'YO', 'YQ', 'YR', 'YT', 'YU', 'YV', 'YX', 'YY', 'Z1', 'Z2', 'Z3', 'Z6', 'Z7', 'ZA', 'ZD', 'ZG', 'ZJ'], 'isETFSec': False, 'isDelisted': False, 'isin': 'INE721A01047', 'slb_isin': 'INE721A01047', 'listingDate': '1996-12-11', 'isMunicipalBond': False, 'isHybridSymbol': False, 'segment': 'EQUITY', 'quotepreopenstatus': {'equityTime': '11-Dec-2025 16:00:00', 'preOpenTime': '11-Dec-2025 09:07:32', 'QuotePreOpenFlag': False}}"
0,MARUTI,MARUTIEQN,16049.0,16296.0,15983.0,16220.0,16019.0,201.0,1.25,2122483076115.29,16660.0,10725.0,268701,0,4357940603.55,,2.6410564225690276,-51.235431235431236,45.09,4.27,10-Dec-2024,10-Nov-2025,https://nsearchives.nseindia.com/today/MARUTIEQN.svg,https://nsearchives.nseindia.com/30d/MARUTI-EQ.svg,https://nsearchives.nseindia.com/365d/MARUTI-EQ.svg,EQ,"{'symbol': 'MARUTI', 'companyName': 'Maruti Suzuki India Limited', 'industry': 'Passenger Cars & Utility Vehicles', 'activeSeries': ['EQ'], 'debtSeries': [], 'isFNOSec': True, 'isCASec': False, 'isSLBSec': True, 'isDebtSec': False, 'isSuspended': False, 'tempSuspendedSeries': ['IL'], 'isETFSec': False, 'isDelisted': False, 'isin': 'INE585B01010', 'slb_isin': 'INE585B01010', 'listingDate': '2003-07-09', 'isMunicipalBond': False, 'isHybridSymbol': False, 'segment': 'EQUITY', 'quotepreopenstatus': {'equityTime': '11-Dec-2025 16:00:00', 'preOpenTime': '11-Dec-2025 09:07:32', 'QuotePreOpenFlag': False}}"
0,SUNPHARMA,SUNPHARMAEQN,1778.0,1810.5,1775.1,1807.0,1785.5,21.5,1.2,1898974708972.86,1910.0,1548.0,1280916,0,2303163822.96,,5.392670157068062,-16.7312661498708,-0.15,6.44,10-Dec-2024,10-Nov-2025,https://nsearchives.nseindia.com/today/SUNPHARMAEQN.svg,https://nsearchives.nseindia.com/30d/SUNPHARMA-EQ.svg,https://nsearchives.nseindia.com/365d/SUNPHARMA-EQ.svg,EQ,"{'symbol': 'SUNPHARMA', 'companyName': 'Sun Pharmaceutical Industries Limited', 'industry': 'Pharmaceuticals', 'activeSeries': ['EQ'], 'debtSeries': [], 'isFNOSec': True, 'isCASec': False, 'isSLBSec': True, 'isDebtSec': False, 'isSuspended': False, 'tempSuspendedSeries': ['P1'], 'isETFSec': False, 'isDelisted': False, 'isin': 'INE044A01036', 'slb_isin': 'INE044A01036', 'listingDate': '1995-02-08', 'isMunicipalBond': False, 'isHybridSymbol': False, 'segment': 'EQUITY', 'quotepreopenstatus': {'equityTime': '11-Dec-2025 16:00:00', 'preOpenTime': '11-Dec-2025 09:07:32', 'QuotePreOpenFlag': False}}"
0,ULTRACEMCO,ULTRACEMCOEQN,11340.0,11484.0,11266.0,11451.0,11317.0,134.0,1.18,1355538895805.5,13097.0,10047.85,196507,0,2242569325.12,,12.56776360998702,-13.964679010932684,-2.33,-2.18,10-Dec-2024,10-Nov-2025,https://nsearchives.nseindia.com/today/ULTRACEMCOEQN.svg,https://nsearchives.nseindia.com/30d/ULTRACEMCO-EQ.svg,https://nsearchives.nseindia.com/365d/ULTRACEMCO-EQ.svg,EQ,"{'symbol': 'ULTRACEMCO', 'companyName': 'UltraTech Cement Limited', 'industry': 'Cement & Cement Products', 'activeSeries': ['EQ', 'T0'], 'debtSeries': [], 'isFNOSec': True, 'isCASec': False, 'isSLBSec': True, 'isDebtSec': True, 'isSuspended': False, 'tempSuspendedSeries': [], 'isETFSec': False, 'isDelisted': False, 'isin': 'INE481G01011', 'slb_isin': 'INE481G01011', 'listingDate': '2004-08-24', 'isMunicipalBond': False, 'isHybridSymbol': False, 'segment': 'EQUITY', 'quotepreopenstatus': {'equityTime': '11-Dec-2025 16:00:00', 'preOpenTime': '11-Dec-2025 09:07:32', 'QuotePreOpenFlag': False}}"
0,TECHM,TECHMEQN,1550.0,1572.0,1541.0,1569.0,1550.8,18.2,1.17,993402758645.27,1807.7,1209.4,1248064,0,1944084331.52,,13.204624661171657,-29.733752273854797,-11.08,12.19,10-Dec-2024,10-Nov-2025,https://nsearchives.nseindia.com/today/TECHMEQN.svg,https://nsearchives.nseindia.com/30d/TECHM-EQ.svg,https://nsearchives.nseindia.com/365d/TECHM-EQ.svg,EQ,"{'symbol': 'TECHM', 'companyName': 'Tech Mahindra Limited', 'industry': 'Computers - Software & Consulting', 'activeSeries': ['EQ'], 'debtSeries': [], 'isFNOSec': True, 'isCASec': False, 'isSLBSec': True, 'isDebtSec': False, 'isSuspended': False, 'tempSuspendedSeries': [], 'isETFSec': False, 'isDelisted': False, 'isin': 'INE669C01036', 'slb_isin': 'INE669C01036', 'listingDate': '2006-08-28', 'isMunicipalBond': False, 'isHybridSymbol': False, 'segment': 'EQUITY', 'quotepreopenstatus': {'equityTime': '11-Dec-2025 16:00:00', 'preOpenTime': '11-Dec-2025 09:07:32', 'QuotePreOpenFlag': False}}"
0,MAXHEALTH,MAXHEALTHEQN,1077.0,1091.0,1074.2,1089.1,1077.1,12.0,1.11,807745908141.31,1314.3,940.05,1209344,0,1310723307.52,,17.134596363083013,-15.855539598957499,-2.62,-0.92,10-Dec-2024,10-Nov-2025,https://nsearchives.nseindia.com/today/MAXHEALTHEQN.svg,https://nsearchives.nseindia.com/30d/MAXHEALTH-EQ.svg,https://nsearchives.nseindia.com/365d/MAXHEALTH-EQ.svg,EQ,"{'symbol': 'MAXHEALTH', 'companyName': 'Max Healthcare Institute Limited', 'industry': 'Hospital', 'activeSeries': ['EQ', 'T0'], 'debtSeries': [], 'isFNOSec': True, 'isCASec': False, 'isSLBSec': True, 'isDebtSec': False, 'isSuspended': False, 'tempSuspendedSeries': [], 'isETFSec': False, 'isDelisted': False, 'isin': 'INE027H01010', 'slb_isin': 'INE027H01010', 'listingDate': '2020-08-21', 'isMunicipalBond': False, 'isHybridSymbol': False, 'segment': 'EQUITY', 'quotepreopenstatus': {'equityTime': '11-Dec-2025 16:00:00', 'preOpenTime': '11-Dec-2025 09:07:32', 'QuotePreOpenFlag': False}}"
0,TRENT,TRENTEQN,4022.0,4060.6,3930.1,4060.6,4018.3,42.3,1.05,898812185368.42,7493.05,3930.1,1815905,0,7247367650.25,,45.808449162890945,-3.320526195262207,-41.15,-5.51,10-Dec-2024,10-Nov-2025,https://nsearchives.nseindia.com/today/TRENTEQN.svg,https://nsearchives.nseindia.com/30d/TRENT-EQ.svg,https://nsearchives.nseindia.com/365d/TRENT-EQ.svg,EQ,"{'symbol': 'TRENT', 'companyName': 'Trent Limited', 'industry': 'Speciality Retail', 'activeSeries': ['EQ', 'T0'], 'debtSeries': [], 'isFNOSec': True, 'isCASec': False, 'isSLBSec': True, 'isDebtSec': False, 'isSuspended': False, 'tempSuspendedSeries': ['N1', 'Q1', 'Q2', 'W1', 'IL'], 'isETFSec': False, 'isDelisted': False, 'isin': 'INE849A01020', 'slb_isin': 'INE849A01020', 'listingDate': '2004-06-07', 'isMunicipalBond': False, 'isHybridSymbol': False, 'segment': 'EQUITY', 'quotepreopenstatus': {'equityTime': '11-Dec-2025 16:00:00', 'preOpenTime': '11-Dec-2025 09:07:32', 'QuotePreOpenFlag': False}}"
0,TMPV,TMPVEQN,343.4,348.2,341.4,346.95,343.4,3.55,1.03,722719664649.92,810.0,341.4,6756893,0,2331871343.23,,57.166666666666664,-1.6256590509666116,0.0,-15.54,,10-Nov-2025,https://nsearchives.nseindia.com/today/TMPVEQN.svg,https://nsearchives.nseindia.com/30d/TMPV-EQ.svg,,EQ,"{'symbol': 'TMPV', 'companyName': 'Tata Motors Passenger Vehicles Limited', 'industry': 'Passenger Cars & Utility Vehicles', 'activeSeries': ['EQ', 'T0'], 'debtSeries': [], 'isFNOSec': True, 'isCASec': False, 'isSLBSec': True, 'isDebtSec': False, 'isSuspended': False, 'tempSuspendedSeries': [], 'isETFSec': False, 'isDelisted': False, 'isin': 'INE155A01022', 'slb_isin': 'INE155A01022', 'listingDate': '1998-07-22', 'isMunicipalBond': False, 'isHybridSymbol': False, 'segment': 'EQUITY', 'quotepreopenstatus': {'equityTime': '11-Dec-2025 16:00:00', 'preOpenTime': '11-Dec-2025 09:07:32', 'QuotePreOpenFlag': False}}"
0,HDFCBANK,HDFCBANKEQN,990.0,1002.7,988.5,999.9,989.8,10.1,1.02,15251033900484.87,1020.5,812.15,11844809,0,11808800780.64,,2.0186183243508107,-23.11765068029305,-46.45,1.6,10-Dec-2024,10-Nov-2025,https://nsearchives.nseindia.com/today/HDFCBANKEQN.svg,https://nsearchives.nseindia.com/30d/HDFCBANK-EQ.svg,https://nsearchives.nseindia.com/365d/HDFCBANK-EQ.svg,EQ,"{'symbol': 'HDFCBANK', 'companyName': 'HDFC Bank Limited', 'industry': 'Private Sector Bank', 'activeSeries': ['EQ', 'T0'], 'debtSeries': [], 'isFNOSec': True, 'isCASec': False, 'isSLBSec': True, 'isDebtSec': True, 'isSuspended': False, 'tempSuspendedSeries': ['W3', 'IL'], 'isETFSec': False, 'isDelisted': False, 'isin': 'INE040A01034', 'slb_isin': 'INE040A01034', 'listingDate': '1995-11-08', 'isMunicipalBond': False, 'isHybridSymbol': False, 'segment': 'EQUITY', 'quotepreopenstatus': {'equityTime': '11-Dec-2025 16:00:00', 'preOpenTime': '11-Dec-2025 09:07:32', 'QuotePreOpenFlag': False}}"
0,M&M,M&MEQN,3623.4,3669.1,3615.9,3658.6,3630.0,28.6,0.79,3233355357337.87,3795.0,2425.0,981456,0,3575365691.52,,3.594202898550727,-50.8701030927835,19.51,0.04,10-Dec-2024,10-Nov-2025,https://nsearchives.nseindia.com/today/M&MEQN.svg,https://nsearchives.nseindia.com/30d/M&M-EQ.svg,https://nsearchives.nseindia.com/365d/M&M-EQ.svg,EQ,"{'symbol': 'M&M', 'companyName': 'Mahindra & Mahindra Limited', 'industry': 'Passenger Cars & Utility Vehicles', 'activeSeries': ['EQ', 'T0'], 'debtSeries': [], 'isFNOSec': True, 'isCASec': False, 'isSLBSec': True, 'isDebtSec': False, 'isSuspended': False, 'tempSuspendedSeries': [], 'isETFSec': False, 'isDelisted': False, 'isin': 'INE101A01026', 'slb_isin': 'INE101A01026', 'listingDate': '1996-01-03', 'isMunicipalBond': False, 'isHybridSymbol': False, 'segment': 'EQUITY', 'quotepreopenstatus': {'equityTime': '11-Dec-2025 16:00:00', 'preOpenTime': '11-Dec-2025 09:07:32', 'QuotePreOpenFlag': False}}"
0,ADANIPORTS,ADANIPORTSEQN,1496.0,1515.0,1495.0,1509.1,1498.1,11.0,0.73,1110642757554.52,1549.0,1010.75,1451645,0,2185858008.1,,2.5758553905745702,-49.30497155577541,20.44,4.09,10-Dec-2024,10-Nov-2025,https://nsearchives.nseindia.com/today/ADANIPORTSEQN.svg,https://nsearchives.nseindia.com/30d/ADANIPORTS-EQ.svg,https://nsearchives.nseindia.com/365d/ADANIPORTS-EQ.svg,EQ,"{'symbol': 'ADANIPORTS', 'companyName': 'Adani Ports and Special Economic Zone Limited', 'industry': 'Port & Port services', 'activeSeries': ['EQ', 'T0'], 'debtSeries': [], 'isFNOSec': True, 'isCASec': False, 'isSLBSec': True, 'isDebtSec': False, 'isSuspended': False, 'tempSuspendedSeries': [], 'isETFSec': False, 'isDelisted': False, 'isin': 'INE742F01042', 'slb_isin': 'INE742F01042', 'listingDate': '2007-11-27', 'isMunicipalBond': False, 'isHybridSymbol': False, 'segment': 'EQUITY', 'quotepreopenstatus': {'equityTime': '11-Dec-2025 16:00:00', 'preOpenTime': '11-Dec-2025 09:07:32', 'QuotePreOpenFlag': False}}"
0,BAJAJ-AUTO,BAJAJ-AUTOEQN,8991.0,9084.0,8961.0,9057.0,8991.0,66.0,0.73,1001109608950.98,9490.0,7089.35,136142,0,1230858460.58,,4.562697576396206,-27.75501280089147,0.45,3.21,10-Dec-2024,10-Nov-2025,https://nsearchives.nseindia.com/today/BAJAJ-AUTOEQN.svg,https://nsearchives.nseindia.com/30d/BAJAJ-AUTO-EQ.svg,https://nsearchives.nseindia.com/365d/BAJAJ-AUTO-EQ.svg,EQ,"{'symbol': 'BAJAJ-AUTO', 'companyName': 'Bajaj Auto Limited', 'industry': '2/3 Wheelers', 'activeSeries': ['EQ', 'T0'], 'debtSeries': [], 'isFNOSec': True, 'isCASec': False, 'isSLBSec': True, 'isDebtSec': False, 'isSuspended': False, 'tempSuspendedSeries': [], 'isETFSec': False, 'isDelisted': False, 'isin': 'INE917I01010', 'slb_isin': 'INE917I01010', 'listingDate': '2008-05-26', 'isMunicipalBond': False, 'isHybridSymbol': False, 'segment': 'EQUITY', 'quotepreopenstatus': {'equityTime': '11-Dec-2025 16:00:00', 'preOpenTime': '11-Dec-2025 09:07:32', 'QuotePreOpenFlag': False}}"
0,INFY,INFYEQN,1598.0,1607.4,1580.5,1596.2,1584.8,11.4,0.72,5734898240320.62,2006.45,1307.0,5159319,0,8217918082.77,,20.446559844501483,-22.127008416220356,-17.99,5.58,10-Dec-2024,10-Nov-2025,https://nsearchives.nseindia.com/today/INFYEQN.svg,https://nsearchives.nseindia.com/30d/INFY-EQ.svg,https://nsearchives.nseindia.com/365d/INFY-EQ.svg,EQ,"{'symbol': 'INFY', 'companyName': 'Infosys Limited', 'industry': 'Computers - Software & Consulting', 'activeSeries': ['EQ', 'T0'], 'debtSeries': [], 'isFNOSec': True, 'isCASec': False, 'isSLBSec': True, 'isDebtSec': False, 'isSuspended': False, 'tempSuspendedSeries': [], 'isETFSec': False, 'isDelisted': False, 'isin': 'INE009A01021', 'slb_isin': 'INE009A01021', 'listingDate': '1995-02-08', 'isMunicipalBond': False, 'isHybridSymbol': False, 'segment': 'EQUITY', 'quotepreopenstatus': {'equityTime': '11-Dec-2025 16:00:00', 'preOpenTime': '11-Dec-2025 09:07:32', 'QuotePreOpenFlag': False}}"
0,NESTLEIND,NESTLEINDEQN,1209.4,1220.4,1205.8,1217.0,1209.3,7.7,0.64,870156941148.01,1311.6,1055.0,339626,0,412842573.08,,7.212564806343391,-15.355450236966824,-45.13,-3.79,10-Dec-2024,10-Nov-2025,https://nsearchives.nseindia.com/today/NESTLEINDEQN.svg,https://nsearchives.nseindia.com/30d/NESTLEIND-EQ.svg,https://nsearchives.nseindia.com/365d/NESTLEIND-EQ.svg,EQ,"{'symbol': 'NESTLEIND', 'companyName': 'Nestle India Limited', 'industry': 'Packaged Foods', 'activeSeries': ['EQ', 'T0'], 'debtSeries': [], 'isFNOSec': True, 'isCASec': False, 'isSLBSec': True, 'isDebtSec': False, 'isSuspended': False, 'tempSuspendedSeries': [], 'isETFSec': False, 'isDelisted': False, 'isin': 'INE239A01024', 'slb_isin': 'INE239A01024', 'listingDate': '2023-08-01', 'isMunicipalBond': False, 'isHybridSymbol': False, 'segment': 'EQUITY', 'quotepreopenstatus': {'equityTime': '11-Dec-2025 16:00:00', 'preOpenTime': '11-Dec-2025 09:07:32', 'QuotePreOpenFlag': False}}"
0,JSWSTEEL,JSWSTEELEQN,1100.9,1111.3,1095.5,1102.8,1096.8,6.0,0.55,1030192717228.6,1223.9,880.0,759090,0,838156814.4,,9.894599231963406,-25.318181818181813,9.13,-6.27,10-Dec-2024,10-Nov-2025,https://nsearchives.nseindia.com/today/JSWSTEELEQN.svg,https://nsearchives.nseindia.com/30d/JSWSTEEL-EQ.svg,https://nsearchives.nseindia.com/365d/JSWSTEEL-EQ.svg,EQ,"{'symbol': 'JSWSTEEL', 'companyName': 'JSW Steel Limited', 'industry': 'Iron & Steel', 'activeSeries': ['EQ', 'T0'], 'debtSeries': [], 'isFNOSec': True, 'isCASec': False, 'isSLBSec': True, 'isDebtSec': False, 'isSuspended': False, 'tempSuspendedSeries': ['P1', 'P2'], 'isETFSec': False, 'isDelisted': False, 'isin': 'INE019A01038', 'slb_isin': 'INE019A01038', 'listingDate': '2005-03-23', 'isMunicipalBond': False, 'isHybridSymbol': False, 'segment': 'EQUITY', 'quotepreopenstatus': {'equityTime': '11-Dec-2025 16:00:00', 'preOpenTime': '11-Dec-2025 09:07:32', 'QuotePreOpenFlag': False}}"
0,HDFCLIFE,HDFCLIFEEQN,771.05,777.15,763.05,775.0,771.05,3.95,0.51,829842117420.67,820.75,584.3,2133427,0,1647645672.1,,5.57416996649406,-32.63734383022421,22.41,3.26,10-Dec-2024,10-Nov-2025,https://nsearchives.nseindia.com/today/HDFCLIFEEQN.svg,https://nsearchives.nseindia.com/30d/HDFCLIFE-EQ.svg,https://nsearchives.nseindia.com/365d/HDFCLIFE-EQ.svg,EQ,"{'symbol': 'HDFCLIFE', 'companyName': 'HDFC Life Insurance Company Limited', 'industry': 'Life Insurance', 'activeSeries': ['EQ', 'T0'], 'debtSeries': [], 'isFNOSec': True, 'isCASec': False, 'isSLBSec': True, 'isDebtSec': True, 'isSuspended': False, 'tempSuspendedSeries': [], 'isETFSec': False, 'isDelisted': False, 'isin': 'INE795G01014', 'slb_isin': 'INE795G01014', 'listingDate': '2017-11-17', 'isMunicipalBond': False, 'isHybridSymbol': False, 'segment': 'EQUITY', 'quotepreopenstatus': {'equityTime': '11-Dec-2025 16:00:00', 'preOpenTime': '11-Dec-2025 09:07:32', 'QuotePreOpenFlag': False}}"
0,COALINDIA,COALINDIAEQN,382.35,385.35,380.5,384.1,382.15,1.95,0.51,869849157069.55,419.65,349.25,2695140,0,1035284128.2,,8.471345168592865,-9.978525411596284,-7.26,0.69,10-Dec-2024,10-Nov-2025,https://nsearchives.nseindia.com/today/COALINDIAEQN.svg,https://nsearchives.nseindia.com/30d/COALINDIA-EQ.svg,https://nsearchives.nseindia.com/365d/COALINDIA-EQ.svg,EQ,"{'symbol': 'COALINDIA', 'companyName': 'Coal India Limited', 'industry': 'Coal', 'activeSeries': ['EQ', 'T0'], 'debtSeries': [], 'isFNOSec': True, 'isCASec': False, 'isSLBSec': True, 'isDebtSec': False, 'isSuspended': False, 'tempSuspendedSeries': [], 'isETFSec': False, 'isDelisted': False, 'isin': 'INE522F01014', 'slb_isin': 'INE522F01014', 'listingDate': '2010-11-04', 'isMunicipalBond': False, 'isHybridSymbol': False, 'segment': 'EQUITY', 'quotepreopenstatus': {'equityTime': '11-Dec-2025 16:00:00', 'preOpenTime': '11-Dec-2025 09:07:32', 'QuotePreOpenFlag': False}}"
0,WIPRO,WIPROEQN,258.31,259.98,257.72,259.2,257.98,1.22,0.47,737634720054.34,324.6,228.0,6473376,0,1676863319.04,,20.147874306839196,-13.684210526315786,-15.86,8.09,10-Dec-2024,10-Nov-2025,https://nsearchives.nseindia.com/today/WIPROEQN.svg,https://nsearchives.nseindia.com/30d/WIPRO-EQ.svg,https://nsearchives.nseindia.com/365d/WIPRO-EQ.svg,EQ,"{'symbol': 'WIPRO', 'companyName': 'Wipro Limited', 'industry': 'Computers - Software & Consulting', 'activeSeries': ['EQ', 'T0'], 'debtSeries': [], 'isFNOSec': True, 'isCASec': False, 'isSLBSec': True, 'isDebtSec': False, 'isSuspended': False, 'tempSuspendedSeries': [], 'isETFSec': False, 'isDelisted': False, 'isin': 'INE075A01022', 'slb_isin': 'INE075A01022', 'listingDate': '1995-11-08', 'isMunicipalBond': False, 'isHybridSymbol': False, 'segment': 'EQUITY', 'quotepreopenstatus': {'equityTime': '11-Dec-2025 16:00:00', 'preOpenTime': '11-Dec-2025 09:07:32', 'QuotePreOpenFlag': False}}"
0,RELIANCE,RELIANCEEQN,1536.9,1550.0,1524.0,1543.0,1536.9,6.1,0.4,10416540508328.89,1581.3,1114.85,4706197,0,7250414160.17,,2.4220578005438536,-38.404269632686024,20.25,3.74,10-Dec-2024,10-Nov-2025,https://nsearchives.nseindia.com/today/RELIANCEEQN.svg,https://nsearchives.nseindia.com/30d/RELIANCE-EQ.svg,https://nsearchives.nseindia.com/365d/RELIANCE-EQ.svg,EQ,"{'symbol': 'RELIANCE', 'companyName': 'Reliance Industries Limited', 'industry': 'Refineries & Marketing', 'activeSeries': ['EQ', 'T0'], 'debtSeries': [], 'isFNOSec': True, 'isCASec': False, 'isSLBSec': True, 'isDebtSec': False, 'isSuspended': False, 'tempSuspendedSeries': [], 'isETFSec': False, 'isDelisted': False, 'isin': 'INE002A01018', 'slb_isin': 'INE002A01018', 'listingDate': '1995-11-29', 'isMunicipalBond': False, 'isHybridSymbol': False, 'segment': 'EQUITY', 'quotepreopenstatus': {'equityTime': '11-Dec-2025 16:00:00', 'preOpenTime': '11-Dec-2025 09:07:32', 'QuotePreOpenFlag': False}}"
0,NTPC,NTPCEQN,321.65,323.45,319.15,322.9,321.6,1.3,0.4,1526657849251.48,371.45,292.8,6317942,0,2036272706.6,,13.070399784627813,-10.28005464480873,-12.61,-0.88,10-Dec-2024,10-Nov-2025,https://nsearchives.nseindia.com/today/NTPCEQN.svg,https://nsearchives.nseindia.com/30d/NTPC-EQ.svg,https://nsearchives.nseindia.com/365d/NTPC-EQ.svg,EQ,"{'symbol': 'NTPC', 'companyName': 'NTPC Limited', 'industry': 'Power Generation', 'activeSeries': ['EQ', 'T0'], 'debtSeries': [], 'isFNOSec': True, 'isCASec': False, 'isSLBSec': True, 'isDebtSec': True, 'isSuspended': False, 'tempSuspendedSeries': ['N1', 'N4', 'U1', 'U4'], 'isETFSec': False, 'isDelisted': False, 'isin': 'INE733E01010', 'slb_isin': 'INE733E01010', 'listingDate': '2004-11-05', 'isMunicipalBond': False, 'isHybridSymbol': False, 'segment': 'EQUITY', 'quotepreopenstatus': {'equityTime': '11-Dec-2025 16:00:00', 'preOpenTime': '11-Dec-2025 09:07:32', 'QuotePreOpenFlag': False}}"
0,HCLTECH,HCLTECHEQN,1667.5,1677.4,1649.0,1672.4,1666.0,6.4,0.38,1766927537439.29,2012.2,1302.75,1408684,0,2347740928.08,,16.886989364874264,-28.374592208789107,-13.63,8.56,10-Dec-2024,10-Nov-2025,https://nsearchives.nseindia.com/today/HCLTECHEQN.svg,https://nsearchives.nseindia.com/30d/HCLTECH-EQ.svg,https://nsearchives.nseindia.com/365d/HCLTECH-EQ.svg,EQ,"{'symbol': 'HCLTECH', 'companyName': 'HCL Technologies Limited', 'industry': 'Computers - Software & Consulting', 'activeSeries': ['EQ', 'T0'], 'debtSeries': [], 'isFNOSec': True, 'isCASec': False, 'isSLBSec': True, 'isDebtSec': False, 'isSuspended': False, 'tempSuspendedSeries': [], 'isETFSec': False, 'isDelisted': False, 'isin': 'INE860A01027', 'slb_isin': 'INE860A01027', 'listingDate': '2000-01-06', 'isMunicipalBond': False, 'isHybridSymbol': False, 'segment': 'EQUITY', 'quotepreopenstatus': {'equityTime': '11-Dec-2025 16:00:00', 'preOpenTime': '11-Dec-2025 09:07:32', 'QuotePreOpenFlag': False}}"
0,HINDALCO,HINDALCOEQN,826.0,830.9,821.15,824.75,821.75,3.0,0.37,1191200615503.22,864.0,546.45,3098584,0,2556982502.64,,4.542824074074074,-50.928721749473866,23.24,4.99,10-Dec-2024,10-Nov-2025,https://nsearchives.nseindia.com/today/HINDALCOEQN.svg,https://nsearchives.nseindia.com/30d/HINDALCO-EQ.svg,https://nsearchives.nseindia.com/365d/HINDALCO-EQ.svg,EQ,"{'symbol': 'HINDALCO', 'companyName': 'Hindalco Industries Limited', 'industry': 'Aluminium', 'activeSeries': ['EQ', 'T0'], 'debtSeries': [], 'isFNOSec': True, 'isCASec': False, 'isSLBSec': True, 'isDebtSec': False, 'isSuspended': False, 'tempSuspendedSeries': ['E1', 'E2', 'P1'], 'isETFSec': False, 'isDelisted': False, 'isin': 'INE038A01020', 'slb_isin': 'INE038A01020', 'listingDate': '1997-01-08', 'isMunicipalBond': False, 'isHybridSymbol': False, 'segment': 'EQUITY', 'quotepreopenstatus': {'equityTime': '11-Dec-2025 16:00:00', 'preOpenTime': '11-Dec-2025 09:07:32', 'QuotePreOpenFlag': False}}"
0,INDIGO,INDIGOEQN,4650.0,4848.5,4645.0,4821.5,4805.5,16.0,0.33,1050445728006.91,6232.5,3945.0,6526881,0,31221531069.93,,22.639390292819897,-22.217997465145753,7.64,-13.77,10-Dec-2024,10-Nov-2025,https://nsearchives.nseindia.com/today/INDIGOEQN.svg,https://nsearchives.nseindia.com/30d/INDIGO-EQ.svg,https://nsearchives.nseindia.com/365d/INDIGO-EQ.svg,EQ,"{'symbol': 'INDIGO', 'companyName': 'InterGlobe Aviation Limited', 'industry': 'Airline', 'activeSeries': ['EQ', 'T0'], 'debtSeries': [], 'isFNOSec': True, 'isCASec': False, 'isSLBSec': True, 'isDebtSec': False, 'isSuspended': False, 'tempSuspendedSeries': [], 'isETFSec': False, 'isDelisted': False, 'isin': 'INE646L01027', 'slb_isin': 'INE646L01027', 'listingDate': '2015-11-10', 'isMunicipalBond': False, 'isHybridSymbol': False, 'segment': 'EQUITY', 'quotepreopenstatus': {'equityTime': '11-Dec-2025 16:00:00', 'preOpenTime': '11-Dec-2025 09:07:32', 'QuotePreOpenFlag': False}}"
0,HINDUNILVR,HINDUNILVREQN,2296.3,2313.0,2292.0,2309.0,2301.7,7.3,0.32,2043501577965.81,2750.0,2136.0,1108032,0,2552185507.2,,16.036363636363635,-8.099250936329588,-3.83,-4.28,10-Dec-2024,10-Nov-2025,https://nsearchives.nseindia.com/today/HINDUNILVREQN.svg,https://nsearchives.nseindia.com/30d/HINDUNILVR-EQ.svg,https://nsearchives.nseindia.com/365d/HINDUNILVR-EQ.svg,EQ,"{'symbol': 'HINDUNILVR', 'companyName': 'Hindustan Unilever Limited', 'industry': 'Diversified FMCG', 'activeSeries': ['EQ', 'T0'], 'debtSeries': [], 'isFNOSec': True, 'isCASec': False, 'isSLBSec': True, 'isDebtSec': False, 'isSuspended': False, 'tempSuspendedSeries': [], 'isETFSec': False, 'isDelisted': False, 'isin': 'INE030A01027', 'slb_isin': 'INE030A01027', 'listingDate': '1995-07-06', 'isMunicipalBond': False, 'isHybridSymbol': False, 'segment': 'EQUITY', 'quotepreopenstatus': {'equityTime': '11-Dec-2025 16:00:00', 'preOpenTime': '11-Dec-2025 09:07:32', 'QuotePreOpenFlag': False}}"
0,SBIN,SBINEQN,962.1,966.5,958.45,962.6,959.75,2.85,0.3,3982770558163.26,999.0,680.0,5979035,0,5756674688.35,,3.6436436436436415,-41.55882352941177,11.04,1.27,10-Dec-2024,10-Nov-2025,https://nsearchives.nseindia.com/today/SBINEQN.svg,https://nsearchives.nseindia.com/30d/SBIN-EQ.svg,https://nsearchives.nseindia.com/365d/SBIN-EQ.svg,EQ,"{'symbol': 'SBIN', 'companyName': 'State Bank of India', 'industry': 'Public Sector Bank', 'activeSeries': ['EQ', 'T0'], 'debtSeries': [], 'isFNOSec': True, 'isCASec': False, 'isSLBSec': True, 'isDebtSec': True, 'isSuspended': False, 'tempSuspendedSeries': ['N1', 'N3', 'N4', 'IL', 'N2', 'N5', 'N6'], 'isETFSec': False, 'isDelisted': False, 'isin': 'INE062A01020', 'slb_isin': 'INE062A01020', 'listingDate': '1995-03-01', 'isMunicipalBond': False, 'isHybridSymbol': False, 'segment': 'EQUITY', 'quotepreopenstatus': {'equityTime': '11-Dec-2025 16:00:00', 'preOpenTime': '11-Dec-2025 09:07:32', 'QuotePreOpenFlag': False}}"
0,LT,LTEQN,3993.2,4015.0,3984.6,4003.0,3991.3,11.7,0.29,4688021026389.31,4140.0,2965.3,841371,0,3367797770.25,,3.3091787439613527,-34.9947728728965,2.06,2.18,10-Dec-2024,10-Nov-2025,https://nsearchives.nseindia.com/today/LTEQN.svg,https://nsearchives.nseindia.com/30d/LT-EQ.svg,https://nsearchives.nseindia.com/365d/LT-EQ.svg,EQ,"{'symbol': 'LT', 'companyName': 'Larsen & Toubro Limited', 'industry': 'Civil Construction', 'activeSeries': ['EQ'], 'debtSeries': [], 'isFNOSec': True, 'isCASec': False, 'isSLBSec': True, 'isDebtSec': True, 'isSuspended': False, 'tempSuspendedSeries': [], 'isETFSec': False, 'isDelisted': False, 'isin': 'INE018A01030', 'slb_isin': 'INE018A01030', 'listingDate': '2004-06-23', 'isMunicipalBond': False, 'isHybridSymbol': False, 'segment': 'EQUITY', 'quotepreopenstatus': {'equityTime': '11-Dec-2025 16:00:00', 'preOpenTime': '11-Dec-2025 09:07:32', 'QuotePreOpenFlag': False}}"
0,TATACONSUM,TATACONSUMEQN,1136.1,1154.2,1135.0,1143.0,1140.1,2.9,0.25,742358450447.56,1202.8,882.9,616435,0,706588618.75,,4.971732623877616,-29.459734964322124,23.24,-0.05,10-Dec-2024,10-Nov-2025,https://nsearchives.nseindia.com/today/TATACONSUMEQN.svg,https://nsearchives.nseindia.com/30d/TATACONSUM-EQ.svg,https://nsearchives.nseindia.com/365d/TATACONSUM-EQ.svg,EQ,"{'symbol': 'TATACONSUM', 'companyName': 'TATA CONSUMER PRODUCTS LIMITED', 'industry': 'Tea & Coffee', 'activeSeries': ['EQ', 'T0'], 'debtSeries': [], 'isFNOSec': True, 'isCASec': False, 'isSLBSec': True, 'isDebtSec': False, 'isSuspended': False, 'tempSuspendedSeries': [], 'isETFSec': False, 'isDelisted': False, 'isin': 'INE192A01025', 'slb_isin': 'INE192A01025', 'listingDate': '1998-11-18', 'isMunicipalBond': False, 'isHybridSymbol': False, 'segment': 'EQUITY', 'quotepreopenstatus': {'equityTime': '11-Dec-2025 16:00:00', 'preOpenTime': '11-Dec-2025 09:07:32', 'QuotePreOpenFlag': False}}"
0,BEL,BELEQN,386.0,390.0,385.15,388.2,387.35,0.85,0.22,1386558245068.7,436.0,240.25,7666925,0,2973616861.25,,10.96330275229358,-61.58168574401664,23.07,-7.04,10-Dec-2024,10-Nov-2025,https://nsearchives.nseindia.com/today/BELEQN.svg,https://nsearchives.nseindia.com/30d/BEL-EQ.svg,https://nsearchives.nseindia.com/365d/BEL-EQ.svg,EQ,"{'symbol': 'BEL', 'companyName': 'Bharat Electronics Limited', 'industry': 'Aerospace & Defense', 'activeSeries': ['EQ', 'T0'], 'debtSeries': [], 'isFNOSec': True, 'isCASec': False, 'isSLBSec': True, 'isDebtSec': False, 'isSuspended': False, 'tempSuspendedSeries': [], 'isETFSec': False, 'isDelisted': False, 'isin': 'INE263A01024', 'slb_isin': 'INE263A01024', 'listingDate': '2000-07-19', 'isMunicipalBond': False, 'isHybridSymbol': False, 'segment': 'EQUITY', 'quotepreopenstatus': {'equityTime': '11-Dec-2025 16:00:00', 'preOpenTime': '11-Dec-2025 09:07:32', 'QuotePreOpenFlag': False}}"
0,TCS,TCSEQN,3205.0,3208.4,3153.1,3193.9,3189.2,4.7,0.15,3252856434945.35,4494.9,2866.6,1914362,0,6095979491.08,,28.943914213886842,-11.417707388543926,-27.99,5.51,10-Dec-2024,10-Nov-2025,https://nsearchives.nseindia.com/today/TCSEQN.svg,https://nsearchives.nseindia.com/30d/TCS-EQ.svg,https://nsearchives.nseindia.com/365d/TCS-EQ.svg,EQ,"{'symbol': 'TCS', 'companyName': 'Tata Consultancy Services Limited', 'industry': 'Computers - Software & Consulting', 'activeSeries': ['EQ', 'T0'], 'debtSeries': [], 'isFNOSec': True, 'isCASec': False, 'isSLBSec': True, 'isDebtSec': False, 'isSuspended': False, 'tempSuspendedSeries': [], 'isETFSec': False, 'isDelisted': False, 'isin': 'INE467B01029', 'slb_isin': 'INE467B01029', 'listingDate': '2004-08-25', 'isMunicipalBond': False, 'isHybridSymbol': False, 'segment': 'EQUITY', 'quotepreopenstatus': {'equityTime': '11-Dec-2025 16:00:00', 'preOpenTime': '11-Dec-2025 09:07:32', 'QuotePreOpenFlag': False}}"
0,TITAN,TITANEQN,3830.4,3855.8,3777.0,3850.0,3845.7,4.3,0.11,1584327911214.05,3956.0,2925.0,669180,0,2563012934.4,,2.679474216380182,-31.623931623931625,10.62,1.1,10-Dec-2024,10-Nov-2025,https://nsearchives.nseindia.com/today/TITANEQN.svg,https://nsearchives.nseindia.com/30d/TITAN-EQ.svg,https://nsearchives.nseindia.com/365d/TITAN-EQ.svg,EQ,"{'symbol': 'TITAN', 'companyName': 'Titan Company Limited', 'industry': 'Gems Jewellery And Watches', 'activeSeries': ['EQ', 'T0'], 'debtSeries': [], 'isFNOSec': True, 'isCASec': False, 'isSLBSec': True, 'isDebtSec': False, 'isSuspended': False, 'tempSuspendedSeries': ['N1', 'IL'], 'isETFSec': False, 'isDelisted': False, 'isin': 'INE280A01028', 'slb_isin': 'INE280A01028', 'listingDate': '2004-09-24', 'isMunicipalBond': False, 'isHybridSymbol': False, 'segment': 'EQUITY', 'quotepreopenstatus': {'equityTime': '11-Dec-2025 16:00:00', 'preOpenTime': '11-Dec-2025 09:07:32', 'QuotePreOpenFlag': False}}"
0,EICHERMOT,EICHERMOTEQN,7250.0,7328.5,7220.5,7235.0,7228.5,6.5,0.09,992854995346.59,7328.5,4646.0,502052,0,3651850940.2,,1.27584089513543,-55.72535514421007,50.76,5.67,10-Dec-2024,10-Nov-2025,https://nsearchives.nseindia.com/today/EICHERMOTEQN.svg,https://nsearchives.nseindia.com/30d/EICHERMOT-EQ.svg,https://nsearchives.nseindia.com/365d/EICHERMOT-EQ.svg,EQ,"{'symbol': 'EICHERMOT', 'companyName': 'Eicher Motors Limited', 'industry': '2/3 Wheelers', 'activeSeries': ['EQ'], 'debtSeries': [], 'isFNOSec': True, 'isCASec': False, 'isSLBSec': True, 'isDebtSec': False, 'isSuspended': False, 'tempSuspendedSeries': [], 'isETFSec': False, 'isDelisted': False, 'isin': 'INE066A01021', 'slb_isin': 'INE066A01021', 'listingDate': '2004-09-07', 'isMunicipalBond': False, 'isHybridSymbol': False, 'segment': 'EQUITY', 'quotepreopenstatus': {'equityTime': '11-Dec-2025 16:00:00', 'preOpenTime': '11-Dec-2025 09:07:32', 'QuotePreOpenFlag': False}}"
0,BAJAJFINSV,BAJAJFINSVEQN,2080.0,2082.7,2050.0,2065.1,2065.8,-0.7,-0.03,1175478405857.1,2195.0,1551.65,624077,0,1287970112.6,,5.917995444191348,-33.09058099442528,24.19,-2.48,10-Dec-2024,10-Nov-2025,https://nsearchives.nseindia.com/today/BAJAJFINSVEQN.svg,https://nsearchives.nseindia.com/30d/BAJAJFINSV-EQ.svg,https://nsearchives.nseindia.com/365d/BAJAJFINSV-EQ.svg,EQ,"{'symbol': 'BAJAJFINSV', 'companyName': 'Bajaj Finserv Limited', 'industry': 'Holding Company', 'activeSeries': ['EQ', 'T0'], 'debtSeries': [], 'isFNOSec': True, 'isCASec': False, 'isSLBSec': True, 'isDebtSec': False, 'isSuspended': False, 'tempSuspendedSeries': [], 'isETFSec': False, 'isDelisted': False, 'isin': 'INE918I01026', 'slb_isin': 'INE918I01026', 'listingDate': '2008-05-26', 'isMunicipalBond': False, 'isHybridSymbol': False, 'segment': 'EQUITY', 'quotepreopenstatus': {'equityTime': '11-Dec-2025 16:00:00', 'preOpenTime': '11-Dec-2025 09:07:32', 'QuotePreOpenFlag': False}}"
0,ITC,ITCEQN,403.15,404.0,401.1,403.0,403.15,-0.15,-0.04,3872643556694.53,491.0,390.15,6980147,0,2808811152.8,,17.922606924643585,-3.293605023708836,-13.44,-0.65,10-Dec-2024,10-Nov-2025,https://nsearchives.nseindia.com/today/ITCEQN.svg,https://nsearchives.nseindia.com/30d/ITC-EQ.svg,https://nsearchives.nseindia.com/365d/ITC-EQ.svg,EQ,"{'symbol': 'ITC', 'companyName': 'ITC Limited', 'industry': 'Diversified FMCG', 'activeSeries': ['EQ', 'T0'], 'debtSeries': [], 'isFNOSec': True, 'isCASec': False, 'isSLBSec': True, 'isDebtSec': False, 'isSuspended': False, 'tempSuspendedSeries': [], 'isETFSec': False, 'isDelisted': False, 'isin': 'INE154A01025', 'slb_isin': 'INE154A01025', 'listingDate': '1995-08-23', 'isMunicipalBond': False, 'isHybridSymbol': False, 'segment': 'EQUITY', 'quotepreopenstatus': {'equityTime': '11-Dec-2025 16:00:00', 'preOpenTime': '11-Dec-2025 09:07:32', 'QuotePreOpenFlag': False}}"
0,APOLLOHOSP,APOLLOHOSPEQN,7028.0,7065.5,6973.0,7010.5,7018.5,-8.0,-0.11,706319334193.53,8099.5,6001.0,350620,0,2460237428.4,,13.4452743996543,-16.822196300616564,-3.43,-6.91,10-Dec-2024,10-Nov-2025,https://nsearchives.nseindia.com/today/APOLLOHOSPEQN.svg,https://nsearchives.nseindia.com/30d/APOLLOHOSP-EQ.svg,https://nsearchives.nseindia.com/365d/APOLLOHOSP-EQ.svg,EQ,"{'symbol': 'APOLLOHOSP', 'companyName': 'Apollo Hospitals Enterprise Limited', 'industry': 'Hospital', 'activeSeries': ['EQ'], 'debtSeries': [], 'isFNOSec': True, 'isCASec': False, 'isSLBSec': True, 'isDebtSec': False, 'isSuspended': False, 'tempSuspendedSeries': [], 'isETFSec': False, 'isDelisted': False, 'isin': 'INE437A01024', 'slb_isin': 'INE437A01024', 'listingDate': '1996-01-10', 'isMunicipalBond': False, 'isHybridSymbol': False, 'segment': 'EQUITY', 'quotepreopenstatus': {'equityTime': '11-Dec-2025 16:00:00', 'preOpenTime': '11-Dec-2025 09:07:32', 'QuotePreOpenFlag': False}}"
0,AXISBANK,AXISBANKEQN,1277.4,1282.0,1271.0,1276.8,1278.6,-1.8,-0.14,3647877005316.48,1304.0,933.5,2017404,0,2574126807.84,,2.0858895705521507,-36.775575790037486,10.32,4.58,10-Dec-2024,10-Nov-2025,https://nsearchives.nseindia.com/today/AXISBANKEQN.svg,https://nsearchives.nseindia.com/30d/AXISBANK-EQ.svg,https://nsearchives.nseindia.com/365d/AXISBANK-EQ.svg,EQ,"{'symbol': 'AXISBANK', 'companyName': 'Axis Bank Limited', 'industry': 'Private Sector Bank', 'activeSeries': ['EQ'], 'debtSeries': [], 'isFNOSec': True, 'isCASec': False, 'isSLBSec': True, 'isDebtSec': True, 'isSuspended': False, 'tempSuspendedSeries': ['IL'], 'isETFSec': False, 'isDelisted': False, 'isin': 'INE238A01034', 'slb_isin': 'INE238A01034', 'listingDate': '1998-11-16', 'isMunicipalBond': False, 'isHybridSymbol': False, 'segment': 'EQUITY', 'quotepreopenstatus': {'equityTime': '11-Dec-2025 16:00:00', 'preOpenTime': '11-Dec-2025 09:07:32', 'QuotePreOpenFlag': False}}"
0,ICICIBANK,ICICIBANKEQN,1363.7,1366.6,1352.8,1361.0,1363.6,-2.6,-0.19,9694120188416.94,1500.0,1186.0,6734750,0,9161886552.5,,9.266666666666667,-14.75548060708263,2.22,0.89,10-Dec-2024,10-Nov-2025,https://nsearchives.nseindia.com/today/ICICIBANKEQN.svg,https://nsearchives.nseindia.com/30d/ICICIBANK-EQ.svg,https://nsearchives.nseindia.com/365d/ICICIBANK-EQ.svg,EQ,"{'symbol': 'ICICIBANK', 'companyName': 'ICICI Bank Limited', 'industry': 'Private Sector Bank', 'activeSeries': ['EQ', 'T0'], 'debtSeries': [], 'isFNOSec': True, 'isCASec': False, 'isSLBSec': True, 'isDebtSec': True, 'isSuspended': False, 'tempSuspendedSeries': ['E2', 'IL'], 'isETFSec': False, 'isDelisted': False, 'isin': 'INE090A01021', 'slb_isin': 'INE090A01021', 'listingDate': '1997-09-17', 'isMunicipalBond': False, 'isHybridSymbol': False, 'segment': 'EQUITY', 'quotepreopenstatus': {'equityTime': '11-Dec-2025 16:00:00', 'preOpenTime': '11-Dec-2025 09:07:32', 'QuotePreOpenFlag': False}}"
0,BAJFINANCE,BAJFINANCEEQN,1011.9,1020.5,1000.1,1008.4,1010.3,-1.9,-0.19,2675516055376.51,1102.5,679.2,4670539,0,4713181021.07,,8.53514739229025,-48.46878680800941,-85.49,-7.24,10-Dec-2024,10-Nov-2025,https://nsearchives.nseindia.com/today/BAJFINANCEEQN.svg,https://nsearchives.nseindia.com/30d/BAJFINANCE-EQ.svg,https://nsearchives.nseindia.com/365d/BAJFINANCE-EQ.svg,EQ,"{'symbol': 'BAJFINANCE', 'companyName': 'Bajaj Finance Limited', 'industry': 'Non Banking Financial Company (NBFC)', 'activeSeries': ['EQ', 'T0'], 'debtSeries': [], 'isFNOSec': True, 'isCASec': False, 'isSLBSec': True, 'isDebtSec': False, 'isSuspended': False, 'tempSuspendedSeries': ['N1', 'W1'], 'isETFSec': False, 'isDelisted': False, 'isin': 'INE296A01032', 'slb_isin': 'INE296A01032', 'listingDate': '2003-04-01', 'isMunicipalBond': False, 'isHybridSymbol': False, 'segment': 'EQUITY', 'quotepreopenstatus': {'equityTime': '11-Dec-2025 16:00:00', 'preOpenTime': '11-Dec-2025 09:07:32', 'QuotePreOpenFlag': False}}"
0,ONGC,ONGCEQN,239.29,241.3,238.14,238.76,239.29,-0.53,-0.22,924877270606.25,273.5,205.0,8868641,0,2123330028.22,,12.702010968921392,-16.468292682926826,-7.2,-5.17,10-Dec-2024,10-Nov-2025,https://nsearchives.nseindia.com/today/ONGCEQN.svg,https://nsearchives.nseindia.com/30d/ONGC-EQ.svg,https://nsearchives.nseindia.com/365d/ONGC-EQ.svg,EQ,"{'symbol': 'ONGC', 'companyName': 'Oil & Natural Gas Corporation Limited', 'industry': 'Oil Exploration & Production', 'activeSeries': ['EQ', 'T0'], 'debtSeries': [], 'isFNOSec': True, 'isCASec': False, 'isSLBSec': True, 'isDebtSec': False, 'isSuspended': False, 'tempSuspendedSeries': [], 'isETFSec': False, 'isDelisted': False, 'isin': 'INE213A01029', 'slb_isin': 'INE213A01029', 'listingDate': '1995-07-19', 'isMunicipalBond': False, 'isHybridSymbol': False, 'segment': 'EQUITY', 'quotepreopenstatus': {'equityTime': '11-Dec-2025 16:00:00', 'preOpenTime': '11-Dec-2025 09:07:32', 'QuotePreOpenFlag': False}}"
0,POWERGRID,POWERGRIDEQN,264.25,266.35,262.5,264.75,265.5,-0.75,-0.28,1195884634315.71,336.25,247.3,8336183,0,2205670659.97,,21.263940520446095,-7.056207035988673,-19.24,-1.27,10-Dec-2024,10-Nov-2025,https://nsearchives.nseindia.com/today/POWERGRIDEQN.svg,https://nsearchives.nseindia.com/30d/POWERGRID-EQ.svg,https://nsearchives.nseindia.com/365d/POWERGRID-EQ.svg,EQ,"{'symbol': 'POWERGRID', 'companyName': 'Power Grid Corporation of India Limited', 'industry': 'Power - Transmission', 'activeSeries': ['EQ'], 'debtSeries': [], 'isFNOSec': True, 'isCASec': False, 'isSLBSec': True, 'isDebtSec': True, 'isSuspended': False, 'tempSuspendedSeries': ['IL'], 'isETFSec': False, 'isDelisted': False, 'isin': 'INE752E01010', 'slb_isin': 'INE752E01010', 'listingDate': '2007-10-05', 'isMunicipalBond': False, 'isHybridSymbol': False, 'segment': 'EQUITY', 'quotepreopenstatus': {'equityTime': '11-Dec-2025 16:00:00', 'preOpenTime': '11-Dec-2025 09:07:32', 'QuotePreOpenFlag': False}}"
0,BHARTIARTL,BHARTIARTLEQN,2066.0,2069.2,2038.0,2054.0,2067.0,-13.0,-0.63,5582689468737.9,2174.5,1559.5,3254850,0,6676022835.0,,5.541503793975626,-31.70888105161911,30.06,1.65,10-Dec-2024,10-Nov-2025,https://nsearchives.nseindia.com/today/BHARTIARTLEQN.svg,https://nsearchives.nseindia.com/30d/BHARTIARTL-EQ.svg,https://nsearchives.nseindia.com/365d/BHARTIARTL-EQ.svg,EQ,"{'symbol': 'BHARTIARTL', 'companyName': 'Bharti Airtel Limited', 'industry': 'Telecom - Cellular & Fixed line services', 'activeSeries': ['EQ', 'T0'], 'debtSeries': [], 'isFNOSec': True, 'isCASec': False, 'isSLBSec': True, 'isDebtSec': False, 'isSuspended': False, 'tempSuspendedSeries': ['IL'], 'isETFSec': False, 'isDelisted': False, 'isin': 'INE397D01024', 'slb_isin': 'INE397D01024', 'listingDate': '2002-02-15', 'isMunicipalBond': False, 'isHybridSymbol': False, 'segment': 'EQUITY', 'quotepreopenstatus': {'equityTime': '11-Dec-2025 16:00:00', 'preOpenTime': '11-Dec-2025 09:07:32', 'QuotePreOpenFlag': False}}"
0,SBILIFE,SBILIFEEQN,2006.1,2017.6,1995.5,1997.1,2014.5,-17.4,-0.86,893672828965.76,2086.6,1372.55,635250,0,1276916025.0,,4.289274417713026,-45.50289606935995,37.28,0.88,10-Dec-2024,10-Nov-2025,https://nsearchives.nseindia.com/today/SBILIFEEQN.svg,https://nsearchives.nseindia.com/30d/SBILIFE-EQ.svg,https://nsearchives.nseindia.com/365d/SBILIFE-EQ.svg,EQ,"{'symbol': 'SBILIFE', 'companyName': 'SBI Life Insurance Company Limited', 'industry': 'Life Insurance', 'activeSeries': ['EQ'], 'debtSeries': [], 'isFNOSec': True, 'isCASec': False, 'isSLBSec': True, 'isDebtSec': False, 'isSuspended': False, 'tempSuspendedSeries': [], 'isETFSec': False, 'isDelisted': False, 'isin': 'INE123W01016', 'slb_isin': 'INE123W01016', 'listingDate': '2017-10-03', 'isMunicipalBond': False, 'isHybridSymbol': False, 'segment': 'EQUITY', 'quotepreopenstatus': {'equityTime': '11-Dec-2025 16:00:00', 'preOpenTime': '11-Dec-2025 09:07:32', 'QuotePreOpenFlag': False}}"
0,ASIANPAINT,ASIANPAINTEQN,2800.0,2811.6,2763.2,2776.5,2804.5,-28.0,-1.0,1252090791460.39,2985.7,2124.75,777422,0,2163682039.3,,7.006732089627217,-30.67419696434875,16.35,4.87,10-Dec-2024,10-Nov-2025,https://nsearchives.nseindia.com/today/ASIANPAINTEQN.svg,https://nsearchives.nseindia.com/30d/ASIANPAINT-EQ.svg,https://nsearchives.nseindia.com/365d/ASIANPAINT-EQ.svg,EQ,"{'symbol': 'ASIANPAINT', 'companyName': 'Asian Paints Limited', 'industry': 'Paints', 'activeSeries': ['EQ', 'T0'], 'debtSeries': [], 'isFNOSec': True, 'isCASec': False, 'isSLBSec': True, 'isDebtSec': False, 'isSuspended': False, 'tempSuspendedSeries': [], 'isETFSec': False, 'isDelisted': False, 'isin': 'INE021A01026', 'slb_isin': 'INE021A01026', 'listingDate': '1995-05-31', 'isMunicipalBond': False, 'isHybridSymbol': False, 'segment': 'EQUITY', 'quotepreopenstatus': {'equityTime': '11-Dec-2025 16:00:00', 'preOpenTime': '11-Dec-2025 09:07:32', 'QuotePreOpenFlag': False}}"
